,year,unrate,unrateMen,unrateWomen
0,2018,46.8,47.4,46.0
1,2019,44.0,44.7,43.4
2,2020,97.1,93.7,100.6
3,2021,60.699999999999996,61.699999999999996,59.2
